﻿Table,Field,Description,Type,Notes
OPOReferrals,opo,Anonymized OPO ID,String,e.g. OPO5
OPOReferrals,patient_id,Anonymized Patient ID,String,"e.g. ""OPO5_P123"""
OPOReferrals,hospital_id,Referring hospital (anonymized ID),String,"e.g. ""OPO5_H12"""
OPOReferrals,age,Exact patient age,Integer,"If exact patient age was over 89, the age is listed as 100 to maintain deidentification"
OPOReferrals,gender,Patient sex/gender,String,M or F
OPOReferrals,race,Patient race,String,"Five categories (Black/Af-Am, White/Caucasian, Hispanic/Latino, Asian, Other/Unknown)"
OPOReferrals,tissue_referral,Was patient also referred for tissue donation?,Boolean,
OPOReferrals,eye_referral,Was patient also referred for cornea donation?,Boolean,
OPOReferrals,cause_of_death_opo,OPO defined cause of death,String,Free text
OPOReferrals,cause_of_death_unos,UNOS defined cause of death,String,Categorical variable based on UNOS definitions
OPOReferrals,mechanism_of_death,UNOS defined mechanism of death,String,Categorical variable based on UNOS definitions
OPOReferrals,circumstances_of_death,UNOS defined circumstances of death,String,Categorical variable based on UNOS definitions
OPOReferrals,abo_blood_type,Patient blood type,String,
OPOReferrals,abo_rh,Patient blood Rh factor,String,
OPOReferrals,height_in,Patient height in inches,Float,Decimal values indicate that the patient's height was originally recorded in centimeters; we converted these values to inches to maintain consistency
OPOReferrals,weight_kg,Patient weight in kilograms,Float,Decimal values indicate that the patient's weight was originally recorded in pounds (lbs); we converted these values to kg to maintain consistency
OPOReferrals,brain_death,Was patient declared brain dead?,Boolean,
OPOReferrals,approached,Was patient's next-of-kin approached for organ donation by OPO representative?,Boolean,
OPOReferrals,authorized,Did patient or their next-of-kin consent to donation for any organ?,Boolean,
OPOReferrals,procured,Was patient cross-clamped for organ procurement?,Boolean,
OPOReferrals,transplanted,Did patients organ(s) lead to a transplant?,Boolean,
OPOReferrals,time_brain_death,Time of brain death,Datetime,Randomly date-shifted (all timestamps from the same patient are shifted by the same number of days)
OPOReferrals,time_asystole,Time of asystole (i.e. cardiac death),Datetime,Randomly date-shifted (all timestamps from the same patient are shifted by the same number of days)
OPOReferrals,time_referred,Time of referral from hospital,Datetime,Randomly date-shifted (all timestamps from the same patient are shifted by the same number of days)
OPOReferrals,time_approached,Time of approach by OPO,Datetime,Randomly date-shifted (all timestamps from the same patient are shifted by the same number of days)
OPOReferrals,time_authorized,Time of consent given for donation by patient / NOK,Datetime,Randomly date-shifted (all timestamps from the same patient are shifted by the same number of days)
OPOReferrals,time_procured,Time of cross clamp for organ procurement,Datetime,Randomly date-shifted (all timestamps from the same patient are shifted by the same number of days)
OPOReferrals,referral_year,Year in which patient was referred,Integer,Not shifted; can be used to calculate annual rates
OPOReferrals,referral_day_of_week,Day of week on which patient was referred,String,
OPOReferrals,procured_year,Year in which patient was cross-clamped for procurement,Integer,Not shifted; can be used to calculate annual rates
OPOReferrals,outcome_heart,"Final disposition of procured heart (Transplanted, Recovered for Research, Recovered for Transplant but not Transplanted)",String,'Recovered for Research' includes both organs that were specifically recovered for research and those that were initially recovered for transplant and then used for research (as they were not transplanted)
OPOReferrals,outcome_liver,"Final disposition of procured liver (Transplanted, Recovered for Research, Recovered for Transplant but not Transplanted)",String,'Recovered for Research' includes both organs that were specifically recovered for research and those that were initially recovered for transplant and then used for research (as they were not transplanted)
OPOReferrals,outcome_kidney_left,"Final disposition of procured left kidney (Transplanted, Recovered for Research, Recovered for Transplant but not Transplanted)",String,'Recovered for Research' includes both organs that were specifically recovered for research and those that were initially recovered for transplant and then used for research (as they were not transplanted)
OPOReferrals,outcome_kidney_right,"Final disposition of procured right kidney (Transplanted, Recovered for Research, Recovered for Transplant but not Transplanted)",String,'Recovered for Research' includes both organs that were specifically recovered for research and those that were initially recovered for transplant and then used for research (as they were not transplanted)
OPOReferrals,outcome_lung_left,"Final disposition of procured left lung (Transplanted, Recovered for Research, Recovered for Transplant but not Transplanted)",String,'Recovered for Research' includes both organs that were specifically recovered for research and those that were initially recovered for transplant and then used for research (as they were not transplanted)
OPOReferrals,outcome_lung_right,"Final disposition of procured right lung (Transplanted, Recovered for Research, Recovered for Transplant but not Transplanted)",String,'Recovered for Research' includes both organs that were specifically recovered for research and those that were initially recovered for transplant and then used for research (as they were not transplanted)
OPOReferrals,outcome_intestine,"Final disposition of procured intestine (Transplanted, Recovered for Research, Recovered for Transplant but not Transplanted)",String,'Recovered for Research' includes both organs that were specifically recovered for research and those that were initially recovered for transplant and then used for research (as they were not transplanted)
OPOReferrals,outcome_pancreas,"Final disposition of procured pancreas (Transplanted, Recovered for Research, Recovered for Transplant but not Transplanted)",String,'Recovered for Research' includes both organs that were specifically recovered for research and those that were initially recovered for transplant and then used for research (as they were not transplanted)
ChemistryEvents,row_id,Row ID (primary key for this table),Integer,
ChemistryEvents,patient_id,Anonymized Patient ID (foreign key; links to PatientID in OPOReferrals),String,
ChemistryEvents,time_event,Time of lab test for blood chemistry,Datetime,Randomly date-shifted (all timestamps from the same patient are shifted by the same number of days)
ChemistryEvents,chem_name,"Name of measured blood chemistry (e.g., Sodium, Creatinine, Glucose)",String,
ChemistryEvents,value,Measured value of blood chemistry,Float,
ChemistryEvents,value_modifier,"Additional context for the measured value (e.g., ""<"" means that the reported value is an upper bound, while "">"" means that it is a lower bound)",String,
CBCEvents,row_id,Row ID (primary key for this table),Integer,
CBCEvents,patient_id,Anonymized Patient ID (foreign key; links to PatientID in OPOReferrals),String,
CBCEvents,time_event,Time of complete blood count (CBC) lab test ,Datetime,Randomly date-shifted (all timestamps from the same patient are shifted by the same number of days)
CBCEvents,cbc_name,"Name of CBC test (e.g. RBC, WBC)",String,
CBCEvents,value,Measured value of CBC test,Float,
ABGEvents,row_id,Row ID (primary key for this table),Integer,
ABGEvents,patient_id,Anonymized Patient ID (foreign key; links to PatientID in OPOReferrals),String,
ABGEvents,time_event,Time of arterial blood gas (ABG) measurement,Datetime,Randomly date-shifted (all timestamps from the same patient are shifted by the same number of days)
ABGEvents,abg_ventilator_mode,"Ventilator mode when ABGs were measured (e.g., SIMV, CMV)",String,
ABGEvents,abg_name,Name of measured ABG,String,
ABGEvents,value,Measured value of ABG,Float,
SerologyEvents,row_id,Row ID (primary key for this table),Integer,
SerologyEvents,patient_id,Anonymized Patient ID (foreign key; links to PatientID in OPOReferrals),String,
SerologyEvents,time_event,Time of serological testing,Datetime,Randomly date-shifted (all timestamps from the same patient are shifted by the same number of days)
SerologyEvents,serology_name,Name of antigen / antibody,String,
SerologyEvents,serology_name_other,Name of antigen / antibody (if Other),String,
SerologyEvents,result,Result of serological test,String,"NEG = negative, POS = positive, NOTDONE = testing not performed, INDETERM = indeterminate result,  INVALID = invalid test, PENDING = result pending, UNKNOWN = unknown"
CultureEvents,row_id,Row ID (primary key for this table),Integer,
CultureEvents,patient_id,Anonymized Patient ID (foreign key; links to PatientID in OPOReferrals),String,
CultureEvents,time_event,Time of culture test for infection,Datetime,Randomly date-shifted (all timestamps from the same patient are shifted by the same number of days)
CultureEvents,culture_source,"Source of bodily fluid tested for infection (e.g., Blood, Urine, etc.)",String,
CultureEvents,result,Result of test,String,"N=negative, P=positive, I=Inconclusive"
HemoEvents,row_id,Row ID (primary key for this table),Integer,
HemoEvents,patient_id,Anonymized Patient ID (foreign key; links to PatientID in OPOReferrals),String,
HemoEvents,time_event_start,Start time of measurement,Datetime,Randomly date-shifted (all timestamps from the same patient are shifted by the same number of days)
HemoEvents,time_event_end,End time of measurement,Datetime,Randomly date-shifted (all timestamps from the same patient are shifted by the same number of days)
HemoEvents,measurement_name,"Name of hemodynamic measured (e.g., SystolicBP, HeartRate)",String,
HemoEvents,measurement_type,"Type of measurement. ""Low"" = min value in time range, ""High"" = max value in time range, ""Average"" = average over time range, ""Total"" = sum over time range",String,"If time_event_start = time_event_end, then the entry reflects a point-in-time measurement"
HemoEvents,value,Measured value,Float,
FluidBalanceEvents,row_id,Row ID (primary key for this table),Integer,
FluidBalanceEvents,patient_id,Anonymized Patient ID (foreign key; links to PatientID in OPOReferrals),String,
FluidBalanceEvents,time_event_start,Start time of measurement,Datetime,Randomly date-shifted (all timestamps from the same patient are shifted by the same number of days)
FluidBalanceEvents,time_event_end,End time of measurement,Datetime,Randomly date-shifted (all timestamps from the same patient are shifted by the same number of days)
FluidBalanceEvents,fluid_name,Name of fluid intake or output,String,
FluidBalanceEvents,fluid_type,"Whether fluid was administered (i.e., Intake; e.g., Blood product) or output (e.g., Urine)",String,
FluidBalanceEvents,amount,Fluid amount (in milliliters),Float,